step,scheduled_sigma,churned_sigma,gamma
0,2544.000000,5088.000000,1.0
1,2544.000000,5088.000000,1.0
2,2544.000000,5088.000000,1.0
3,2416.000000,4832.000000,1.0
4,2416.000000,4832.000000,1.0
5,2416.000000,4832.000000,1.0
6,2288.000000,4576.000000,1.0
7,2288.000000,4576.000000,1.0
8,2288.000000,4576.000000,1.0
9,2288.000000,4576.000000,1.0
10,2160.000000,4320.000000,1.0
11,2160.000000,4320.000000,1.0
12,2160.000000,4320.000000,1.0
13,2160.000000,4320.000000,1.0
14,2048.000000,4096.000000,1.0
15,2048.000000,4096.000000,1.0
16,1992.000000,3984.000000,1.0
17,1992.000000,3984.000000,1.0
18,1936.000000,3872.000000,1.0
19,1936.000000,3872.000000,1.0
20,1888.000000,3776.000000,1.0
21,1888.000000,3776.000000,1.0
22,1832.000000,3664.000000,1.0
23,1784.000000,3568.000000,1.0
24,1784.000000,3568.000000,1.0
25,1736.000000,3472.000000,1.0
26,1736.000000,3472.000000,1.0
27,1688.000000,3376.000000,1.0
28,1688.000000,3376.000000,1.0
29,1640.000000,3280.000000,1.0
30,1640.000000,3280.000000,1.0
31,1592.000000,3184.000000,1.0
32,1592.000000,3184.000000,1.0
33,1552.000000,3104.000000,1.0
34,1504.000000,3008.000000,1.0
35,1504.000000,3008.000000,1.0
36,1464.000000,2928.000000,1.0
37,1464.000000,2928.000000,1.0
38,1424.000000,2848.000000,1.0
39,1424.000000,2848.000000,1.0
40,1384.000000,2768.000000,1.0
41,1384.000000,2768.000000,1.0
42,1344.000000,2688.000000,1.0
43,1304.000000,2608.000000,1.0
44,1304.000000,2608.000000,1.0
45,1264.000000,2528.000000,1.0
46,1264.000000,2528.000000,1.0
47,1232.000000,2464.000000,1.0
48,1232.000000,2464.000000,1.0
49,1192.000000,2384.000000,1.0
50,1192.000000,2384.000000,1.0
51,1160.000000,2320.000000,1.0
52,1128.000000,2256.000000,1.0
53,1128.000000,2256.000000,1.0
54,1088.000000,2176.000000,1.0
55,1088.000000,2176.000000,1.0
56,1056.000000,2112.000000,1.0
57,1056.000000,2112.000000,1.0
58,1032.000000,2064.000000,1.0
59,1032.000000,2064.000000,1.0
60,996.000000,1992.000000,1.0
61,968.000000,1936.000000,1.0
62,968.000000,1936.000000,1.0
63,940.000000,1880.000000,1.0
64,940.000000,1880.000000,1.0
65,912.000000,1824.000000,1.0
66,912.000000,1824.000000,1.0
67,884.000000,1768.000000,1.0
68,884.000000,1768.000000,1.0
69,856.000000,1712.000000,1.0
70,828.000000,1656.000000,1.0
71,828.000000,1656.000000,1.0
72,804.000000,1608.000000,1.0
73,804.000000,1608.000000,1.0
74,780.000000,1560.000000,1.0
75,780.000000,1560.000000,1.0
76,756.000000,1512.000000,1.0
77,756.000000,1512.000000,1.0
78,732.000000,1464.000000,1.0
79,708.000000,1416.000000,1.0
80,708.000000,1416.000000,1.0
81,688.000000,1376.000000,1.0
82,688.000000,1376.000000,1.0
83,664.000000,1328.000000,1.0
84,664.000000,1328.000000,1.0
85,644.000000,1288.000000,1.0
86,644.000000,1288.000000,1.0
87,624.000000,1248.000000,1.0
88,624.000000,1248.000000,1.0
89,604.000000,1208.000000,1.0
90,584.000000,1168.000000,1.0
91,584.000000,1168.000000,1.0
92,564.000000,1128.000000,1.0
93,564.000000,1128.000000,1.0
94,548.000000,1096.000000,1.0
95,548.000000,1096.000000,1.0
96,528.000000,1056.000000,1.0
97,528.000000,1056.000000,1.0
98,512.000000,1024.000000,1.0
99,496.000000,992.000000,1.0
100,496.000000,992.000000,1.0
101,478.000000,956.000000,1.0
102,462.000000,924.000000,1.0
103,462.000000,924.000000,1.0
104,462.000000,924.000000,1.0
105,448.000000,896.000000,1.0
106,432.000000,864.000000,1.0
107,432.000000,864.000000,1.0
108,418.000000,836.000000,1.0
109,418.000000,836.000000,1.0
110,404.000000,808.000000,1.0
111,404.000000,808.000000,1.0
112,390.000000,780.000000,1.0
113,376.000000,752.000000,1.0
114,376.000000,752.000000,1.0
115,376.000000,752.000000,1.0
116,364.000000,728.000000,1.0
117,352.000000,704.000000,1.0
118,352.000000,704.000000,1.0
119,340.000000,680.000000,1.0
120,328.000000,656.000000,1.0
121,328.000000,656.000000,1.0
122,316.000000,632.000000,1.0
123,316.000000,632.000000,1.0
124,304.000000,608.000000,1.0
125,304.000000,608.000000,1.0
126,294.000000,588.000000,1.0
127,284.000000,568.000000,1.0
128,284.000000,568.000000,1.0
129,284.000000,568.000000,1.0
130,274.000000,548.000000,1.0
131,264.000000,528.000000,1.0
132,264.000000,528.000000,1.0
133,254.000000,508.000000,1.0
134,254.000000,508.000000,1.0
135,245.000000,490.000000,1.0
136,245.000000,490.000000,1.0
137,236.000000,472.000000,1.0
138,227.000000,454.000000,1.0
139,227.000000,454.000000,1.0
140,219.000000,438.000000,1.0
141,219.000000,438.000000,1.0
142,211.000000,422.000000,1.0
143,211.000000,422.000000,1.0
144,203.000000,406.000000,1.0
145,195.000000,390.000000,1.0
146,195.000000,390.000000,1.0
147,195.000000,390.000000,1.0
148,188.000000,376.000000,1.0
149,181.000000,362.000000,1.0
150,181.000000,362.000000,1.0
151,174.000000,348.000000,1.0
152,174.000000,348.000000,1.0
153,167.000000,334.000000,1.0
154,167.000000,334.000000,1.0
155,161.000000,322.000000,1.0
156,155.000000,310.000000,1.0
157,155.000000,310.000000,1.0
158,149.000000,298.000000,1.0
159,149.000000,298.000000,1.0
160,143.000000,286.000000,1.0
161,143.000000,286.000000,1.0
162,137.000000,274.000000,1.0
163,132.000000,264.000000,1.0
164,132.000000,264.000000,1.0
165,132.000000,264.000000,1.0
166,126.500000,253.000000,1.0
167,121.500000,243.000000,1.0
168,121.500000,243.000000,1.0
169,116.500000,233.000000,1.0
170,116.500000,233.000000,1.0
171,112.000000,224.000000,1.0
172,112.000000,224.000000,1.0
173,107.500000,215.000000,1.0
174,103.000000,206.000000,1.0
175,103.000000,206.000000,1.0
176,103.000000,206.000000,1.0
177,98.500000,197.000000,1.0
178,94.500000,189.000000,1.0
179,94.500000,189.000000,1.0
180,90.500000,181.000000,1.0
181,87.000000,174.000000,1.0
182,87.000000,174.000000,1.0
183,87.000000,174.000000,1.0
184,83.000000,166.000000,1.0
185,79.500000,159.000000,1.0
186,79.500000,159.000000,1.0
187,76.500000,153.000000,1.0
188,76.500000,153.000000,1.0
189,73.000000,146.000000,1.0
190,73.000000,146.000000,1.0
191,70.000000,140.000000,1.0
192,67.000000,134.000000,1.0
193,67.000000,134.000000,1.0
194,67.000000,134.000000,1.0
195,64.000000,128.000000,1.0
196,61.000000,122.000000,1.0
197,61.000000,122.000000,1.0
198,58.500000,117.000000,1.0
199,55.750000,111.500000,1.0
200,55.750000,111.500000,1.0
201,53.250000,106.500000,1.0
202,53.250000,106.500000,1.0
203,50.750000,101.500000,1.0
204,48.500000,97.000000,1.0
205,48.500000,97.000000,1.0
206,48.500000,97.000000,1.0
207,48.500000,97.000000,1.0
208,46.250000,92.500000,1.0
209,44.250000,88.500000,1.0
210,44.250000,88.500000,1.0
211,42.250000,84.500000,1.0
212,40.250000,80.500000,1.0
213,40.250000,80.500000,1.0
214,38.250000,76.500000,1.0
215,36.500000,73.000000,1.0
216,36.500000,73.000000,1.0
217,34.750000,69.500000,1.0
218,34.750000,69.500000,1.0
219,34.750000,69.500000,1.0
220,33.000000,66.000000,1.0
221,33.000000,66.000000,1.0
222,31.500000,63.000000,1.0
223,30.000000,60.000000,1.0
224,30.000000,60.000000,1.0
225,28.500000,57.000000,1.0
226,27.125000,54.250000,1.0
227,27.125000,54.250000,1.0
228,25.750000,51.500000,1.0
229,25.750000,51.500000,1.0
230,25.750000,51.500000,1.0
231,23.250000,46.500000,1.0
232,23.250000,46.500000,1.0
233,23.250000,46.500000,1.0
234,22.000000,44.000000,1.0
235,22.000000,44.000000,1.0
236,20.875000,41.750000,1.0
237,19.875000,39.750000,1.0
238,19.875000,39.750000,1.0
239,18.875000,37.750000,1.0
240,17.875000,35.750000,1.0
241,17.875000,35.750000,1.0
242,16.875000,33.750000,1.0
243,16.000000,32.000000,1.0
244,16.000000,32.000000,1.0
245,16.000000,32.000000,1.0
246,16.000000,32.000000,1.0
247,15.562500,31.125000,1.0
248,14.750000,29.500000,1.0
249,14.750000,29.500000,1.0
250,13.937500,27.875000,1.0
251,13.187500,26.375000,1.0
252,13.187500,26.375000,1.0
253,12.437500,24.875000,1.0
254,11.750000,23.500000,1.0
255,11.750000,23.500000,1.0
256,11.750000,23.500000,1.0
257,11.750000,23.500000,1.0
258,11.125000,22.250000,1.0
259,10.500000,21.000000,1.0
260,10.500000,21.000000,1.0
261,10.500000,21.000000,1.0
262,9.312500,18.625000,1.0
263,8.812500,17.625000,1.0
264,8.812500,17.625000,1.0
265,8.812500,17.625000,1.0
266,8.250000,16.500000,1.0
267,7.781250,15.562500,1.0
268,7.781250,15.562500,1.0
269,7.781250,15.562500,1.0
270,7.343750,14.687500,1.0
271,6.906250,13.812500,1.0
272,6.906250,13.812500,1.0
273,6.906250,13.812500,1.0
274,6.468750,12.937500,1.0
275,5.718750,11.437500,1.0
276,5.718750,11.437500,1.0
277,5.718750,11.437500,1.0
278,5.375000,10.750000,1.0
279,5.031250,10.062500,1.0
280,5.031250,10.062500,1.0
281,5.031250,10.062500,1.0
282,5.031250,10.062500,1.0
283,4.406250,8.812500,1.0
284,4.406250,8.812500,1.0
285,4.406250,8.812500,1.0
286,4.125000,8.250000,1.0
287,3.875000,7.750000,1.0
288,3.875000,7.750000,1.0
289,3.875000,7.750000,1.0
290,3.375000,6.750000,1.0
291,3.375000,6.750000,1.0
292,3.375000,6.750000,1.0
293,3.375000,6.750000,1.0
294,3.156250,6.312500,1.0
295,2.937500,5.875000,1.0
296,2.937500,5.875000,1.0
297,2.937500,5.875000,1.0
298,2.562500,5.125000,1.0
299,2.375000,4.750000,1.0
300,2.375000,4.750000,1.0
301,2.375000,4.750000,1.0
302,2.218750,4.437500,1.0
303,2.062500,4.125000,1.0
304,2.062500,4.125000,1.0
305,2.062500,4.125000,1.0
306,1.914062,3.828125,1.0
307,1.773438,3.546875,1.0
308,1.773438,3.546875,1.0
309,1.773438,3.546875,1.0
310,1.648438,3.296875,1.0
311,1.414062,2.828125,1.0
312,1.414062,2.828125,1.0
313,1.414062,2.828125,1.0
314,1.304688,2.609375,1.0
315,1.210938,2.421875,1.0
316,1.210938,2.421875,1.0
317,1.210938,2.421875,1.0
318,1.117188,2.234375,1.0
319,1.031250,2.062500,1.0
320,1.031250,2.062500,1.0
321,1.031250,2.062500,1.0
322,0.949219,1.898438,1.0
323,0.875000,1.750000,1.0
324,0.875000,1.750000,1.0
325,0.875000,1.750000,1.0
326,0.738281,1.476562,1.0
327,0.738281,1.476562,1.0
328,0.738281,1.476562,1.0
329,0.738281,1.476562,1.0
330,0.679688,1.359375,1.0
331,0.621094,1.242188,1.0
332,0.621094,1.242188,1.0
333,0.621094,1.242188,1.0
334,0.523438,1.046875,1.0
335,0.476562,0.953125,1.0
336,0.476562,0.953125,1.0
337,0.476562,0.953125,1.0
338,0.435547,0.871094,1.0
339,0.396484,0.792969,1.0
340,0.396484,0.792969,1.0
341,0.396484,0.792969,1.0
342,0.361328,0.722656,1.0
343,0.330078,0.660156,1.0
344,0.330078,0.660156,1.0
345,0.330078,0.660156,1.0
346,0.298828,0.597656,1.0
347,0.246094,0.492188,1.0
348,0.246094,0.492188,1.0
349,0.246094,0.492188,1.0
350,0.222656,0.445312,1.0
351,0.222656,0.445312,1.0
352,0.222656,0.445312,1.0
353,0.222656,0.445312,1.0
354,0.181641,0.363281,1.0
355,0.163086,0.326172,1.0
356,0.163086,0.326172,1.0
357,0.163086,0.326172,1.0
358,0.147461,0.294922,1.0
359,0.131836,0.263672,1.0
360,0.131836,0.263672,1.0
361,0.131836,0.263672,1.0
362,0.103027,0.206055,1.0
363,0.103027,0.206055,1.0
364,0.103027,0.206055,1.0
365,0.103027,0.206055,1.0
366,0.091797,0.183594,1.0
367,0.072754,0.145508,1.0
368,0.072754,0.145508,1.0
369,0.072754,0.145508,1.0
370,0.064453,0.128906,1.0
371,0.057373,0.114746,1.0
372,0.057373,0.114746,1.0
373,0.057373,0.114746,1.0
374,0.050537,0.101074,1.0
375,0.044678,0.089355,1.0
376,0.044678,0.089355,1.0
377,0.044678,0.089355,1.0
378,0.039307,0.078613,1.0
379,0.034424,0.068848,1.0
380,0.034424,0.068848,1.0
381,0.034424,0.068848,1.0
382,0.030273,0.060547,1.0
383,0.022949,0.045898,1.0
384,0.022949,0.045898,1.0
385,0.022949,0.045898,1.0
386,0.020020,0.040039,1.0
387,0.020020,0.040039,1.0
388,0.020020,0.040039,1.0
389,0.020020,0.040039,1.0
390,0.014954,0.029907,1.0
391,0.012878,0.025757,1.0
392,0.012878,0.025757,1.0
393,0.012878,0.025757,1.0
394,0.011047,0.011047,0.0
395,0.009460,0.009460,0.0
396,0.009460,0.009460,0.0
397,0.009460,0.009460,0.0
398,0.006836,0.006836,0.0
399,0.006836,0.006836,0.0
